id_region,num_buildings,labeled_buildings,percentage_labeled
70500011,25095,3962,15.788005578800558
72400015,19117,8398,43.929486844170114
82600080,19126,3363,17.583394332322495
72400019,17290,5532,31.995373048004627
38000051,42230,3299,7.81198200331518
72400016,37403,7390,19.757773440633102
64200004,33260,2723,8.187011425135298
72400017,47656,22431,47.06857478596609
25000042,74924,8261,11.02583951737761
52800004,120349,61725,51.28833642157392
25000041,246924,5573,2.256969755876302
72400020,148058,38219,25.813532534547274
52800005,147597,75875,51.40687141337561
4000026,158639,38724,24.41013874267992
52800021,244125,136173,55.7800307219662
25000047,286487,6435,2.2461752191198903
25000046,374436,4763,1.2720464912561826
70300004,282383,31070,11.002786994967826
52800018,104328,59604,57.131354957441914
25000044,399771,14664,3.6680999872426963
27600401,41781,7057,16.890452598070894
57800003,147028,119652,81.38041733547352
38000018,116461,44205,37.95691261452332
25000049,343902,33537,9.751906066263064
82600023,38558,28981,75.1620934695783
82600179,70027,31806,45.41962385936853
82600024,64927,42371,65.25944522309672
82600177,59638,52203,87.53311646936517
82600125,67499,29308,43.41990251707433
25000053,246232,13906,5.647519412586504
25000050,302978,10355,3.4177399019070696
82600025,31313,13932,44.492702711333955
82600145,2459,457,18.584790565270435
27600371,180036,95307,52.93774578417649
82600171,92773,54401,58.63882810731571
82600039,90128,59655,66.18919758565596
82600132,22833,5650,24.744886786668417
82600156,23926,4479,18.72022068043133
82600069,50091,29064,58.02239923339522
82600043,29977,8546,28.508523201120862
82600055,76603,34377,44.876832500032634
82600139,41728,23092,55.339340490797554
25000052,513672,7838,1.5258764347677118
82600078,37676,9850,26.14396432742329
25000055,412735,24553,5.948853380498383
82600116,50608,16190,31.9909895668669
82600169,137654,81539,59.23474799134061
25000048,865632,40224,4.646778307641123
64200005,22084,5096,23.075529795326933
64200007,15638,1996,12.763780534595218
5600030,94647,25914,27.37963168404704
72400032,53509,12642,23.62593208619111
64200006,37529,8707,23.200724772842335
82600036,16845,7942,47.147521519738795
72400021,45976,13624,29.632851922742297
4000022,84803,16613,19.590108840489133
25000056,196685,38230,19.437171111167604
5600029,298140,53645,17.993224659555914
27600365,86397,12029,13.92293713902103
82600079,152944,80599,52.69837326080133
82600048,54727,42706,78.03460814588777
82600097,31918,5084,15.928316310545773
82600034,152356,55615,36.503321168841396
82600172,115751,41314,35.69213224939741
82600159,140183,63487,45.288658396524546
72400023,68989,51507,74.65972836249257
82600047,78554,38447,48.94340199098709
64200008,4478,497,11.09870477891916
25000051,503330,9711,1.9293505255001688
72400025,21926,5821,26.54839003922284
38000009,55728,3707,6.651952339936836
64200009,9264,4225,45.6066493955095
72400026,45431,18586,40.910391582839914
20800007,146726,10868,7.407003530389979
82600128,280555,196511,70.04366345279892
72400024,306285,115365,37.66589940741466
82600126,26019,12075,46.40839386602099
82600049,34398,13085,38.04000232571661
5600004,102746,40574,39.48961516750044
82600118,31059,20677,66.57329598506068
82600124,42794,16934,39.570967892695236
64200010,21023,2324,11.054559292203777
25000054,590204,9131,1.5470921918523088
82600127,173054,118502,68.47689160608827
64200011,80730,10346,12.815558032949337
82600050,46499,8488,18.25415600335491
57800004,167141,137688,82.37835121244937
72400027,125868,29685,23.58423109924683
82600153,72109,47292,65.58404637423901
52800007,97971,57919,59.118514662502164
82600094,79516,4198,5.279440615725138
27600264,12799,1093,8.539729666380186
27600344,13210,1738,13.15669947009841
61600038,123938,32765,26.43660539947393
82600052,18584,14662,78.8958243650452
82600081,89136,31702,35.565876862322746
27600321,184397,77138,41.832567774963806
82600092,98484,8311,8.438934243125788
52800026,123567,82642,66.88031594195861
72400029,37603,11382,30.268861527005825
72400028,376931,156074,41.406517373206235
23300001,66848,2355,3.522917663954045
52800015,96956,60641,62.54486571228186
82600085,137110,87177,63.581795638538395
5600015,93227,46640,50.02842524161455
82600107,209453,74553,35.59414283872754
4000028,16725,1122,6.708520179372197
27600266,33561,5170,15.40478531628974
82600112,23871,13160,55.12965523019564
72400031,37999,16144,42.48532856127793
72400030,50800,10467,20.60433070866142
82600115,68678,37568,54.7016511837852
82600108,50216,15717,31.298789230524136
5600010,194787,76053,39.044186727040305
52800011,165748,92729,55.94577310133456
4000016,38469,6296,16.366424913566767
82600084,174477,28097,16.103555196386914
5600009,322141,236516,73.42002415091528
82600114,147360,42869,29.091340933767647
4000013,84585,6676,7.892652361529823
10000020,107714,28995,26.918506415136378
64200012,107915,26804,24.8380669971737
5600036,48307,9912,20.518765396319374
5600017,175294,132309,75.47833924720754
75600020,18245,2293,12.567826801863525
4000031,157768,28201,17.874980984737082
82600148,11249,4107,36.50991199217708
5600018,162459,93581,57.6028413322746
5600016,283827,136139,47.96548601789118
82600160,52589,15425,29.331228964232064
10000014,9680,2286,23.615702479338843
82600147,89677,56673,63.19680631600075
5600039,34666,3683,10.624242773899498
5600020,266122,133381,50.12024560164136
10000026,19866,923,4.6461290647337155
10000027,9808,561,5.7198205546492655
5600038,47467,5817,12.25482967113995
82600154,128874,61634,47.8250073715412
82600120,145795,59055,40.505504303988474
27600270,30721,15610,50.812148042055924
25000058,361551,20879,5.774842276746572
82600121,61296,23601,38.503328112764294
75600003,91068,24189,26.56147054947951
27600277,69815,30969,44.358662178614914
75600014,47878,6093,12.72609549271064
27600162,69704,16804,24.107655227820498
75600013,103253,12882,12.476150814019931
5600044,29218,20263,69.35108494763502
75600025,74156,8257,11.134635093586494
82600122,197831,95286,48.16535325606199
38000072,43021,3069,7.133725389925851
75600021,105932,13593,12.831816637087941
52800012,257734,133145,51.65985085398124
5600025,71970,23451,32.58441017090454
27600024,100485,25958,25.83271134995273
27600285,12757,2111,16.547777690679627
20300005,171486,75602,44.086397723429315
27600006,145130,59908,41.27885344174189
25000057,870474,27628,3.173902954022751
27600090,118975,23327,19.606640050430762
27600399,33546,8013,23.886603469862276
82600130,44083,14458,32.797223419458746
27600283,65131,4786,7.348267338133915
25000059,526330,12129,2.304447779909942
27600231,37912,2895,7.636104663431103
25000060,475852,10499,2.206358279465044
27600046,89046,7178,8.061002178649238
82600161,75170,34129,45.4024211786617
27600152,39870,8090,20.290945573112616
82600134,91352,27329,29.916148524389175
5600007,49590,33695,67.94716676749346
27600050,115857,19912,17.18670429926547
25000096,416100,17346,4.168709444844989
25000063,593042,17022,2.8702857470465837
25000064,529505,19573,3.6964712325662648
27600071,145634,29886,20.521306837689004
25000066,292047,17177,5.881587552688437
25000072,185828,4428,2.382848655746174
20300002,342900,156964,45.775444736074654
27600078,171480,24245,14.13867506414742
25000071,268650,5000,1.8611576400521124
25000073,260070,5374,2.0663667474141576
27600105,121845,15590,12.794944396569413
27600290,30459,14491,47.575429265570115
25000078,114645,3202,2.7929696018142964
30000017,9493,1576,16.601706520594124
30000010,3104,448,14.432989690721648
30000011,8377,356,4.2497314074250925
25000074,382913,6014,1.5705917532180937
25000077,150814,4801,3.183391462331083
25000075,429489,6677,1.5546381863097773
25000068,509216,98487,19.340908376798843
52800020,426361,257552,60.407025970949505
52800016,497668,293163,58.90734385172445
25000076,451109,10734,2.37946926352611
19100002,17054,10762,63.105429811187996
25000082,197355,5335,2.7032504876998305
27600121,188328,63924,33.942908117752005
25000070,740024,47770,6.45519604769575
27600149,151129,48420,32.03885422387497
27600081,295984,22621,7.6426428455592195
25000079,414086,19728,4.764227720811618
27600142,149259,18962,12.704091545568442
25000080,572471,9754,1.7038417666571757
27600234,51633,5550,10.748939631630934
25000092,241339,4036,1.6723364230397906
64200014,51021,4805,9.417690754787245
25000086,471738,6058,1.2841874091126855
64200015,8886,3896,43.84424938104884
25000095,262209,3568,1.36074658001823
64200016,7535,3274,43.45056403450564
27600172,158895,34360,21.624343119670222
25000094,430006,9501,2.209504053431812
62000003,25176,12800,50.84207181442644
25000087,557311,16828,3.0194989871005595
25000088,585994,13790,2.353266415697089
64200018,45349,4372,9.64078590487111
64200019,22718,7098,31.243947530592482
25000097,148417,3790,2.5536158256803465
27600182,96393,7583,7.866753809923957
25000069,1320984,27726,2.0988899184244474
25000089,912737,22307,2.443967977632111
19100007,22491,2193,9.750566893424036
19100008,128878,8162,6.333121246450131
82600056,12089,5591,46.24865580279593
61600020,214196,73587,34.35498328633588
61600021,184117,78224,42.48602790616836
61600019,198358,83830,42.261970780104654
82600054,77533,70351,90.73684753588795
61600017,259864,131240,50.503340208724566
61600016,206029,31845,15.456561940309374
27600217,56764,8753,15.419984497216547
25000090,968679,35887,3.704736037428292
75200020,31246,5263,16.8437560007681
47000002,17836,2617,14.672572325633551
70500010,46193,7790,16.86402701708051
72400018,93302,18457,19.781998242267047
25000091,1167784,38750,3.3182506353914767
38000012,188656,78630,41.67903485709439
61600031,84456,23400,27.706734867860188
52800019,172672,90916,52.652427724240184
52800023,335118,219740,65.57093322352127
34800003,83214,17653,21.213978417093276
19100010,18064,2548,14.105403011514614
27600218,46941,12413,26.44383374874843
25000093,920277,15510,1.685362124664639
38000080,351394,76681,21.821943459478536
27600224,57602,10647,18.483733203708205
52800029,254110,140530,55.30282161268742
27600227,60589,13548,22.360494479195893
38000019,132800,8818,6.640060240963855
34800013,110727,7358,6.645172360851463
52800025,213771,125619,58.76334956565671
34800020,94310,13993,14.837238893012405
34800007,162273,34516,21.270328397207177
34800019,101865,13663,13.41285034113778
37200003,166326,111403,66.97870447194065
61600024,156185,89389,57.23276883183404
61600023,176323,96555,54.760297862445626
34800009,353580,79912,22.60082583856553
4000021,27508,3781,13.745092336774755
4000006,220535,76238,34.56956945609541
4000010,138568,36390,26.261474510709544
4000009,141279,35983,25.469461137182453
4000003,123279,17717,14.371466348688747
4000007,85469,10332,12.08859352513777
4000011,112295,17305,15.410303219199431
4000002,175551,30758,17.520834401399025
4000014,137451,19970,14.528813904591454
19100009,27206,10135,37.25281187973241
4000004,203077,35428,17.44559945242445
4000008,195854,24610,12.565482451213658
4000005,246870,67216,27.227285615911207
82600157,40223,24714,61.442458295005345
4000018,67110,9268,13.810162419907615
82600141,21566,14604,67.71770379300752
82600155,59131,27320,46.20249953493092
27600184,51921,27024,52.048304154388404
10000001,1725,385,22.318840579710145
75600016,39007,1744,4.4709923859820035
37200004,323722,236411,73.02901872594386
4000025,75973,8919,11.739696997617575
10000002,18873,5429,28.76596195623377
10000003,2790,1300,46.59498207885305
10000004,13559,2695,19.876097057305113
4000029,55239,7200,13.034269266279258
82600164,134020,79375,59.22623489031488
10000005,17188,9495,55.24202932278334
38000010,73613,13219,17.95742599812533
10000006,54344,31887,58.67621080524069
4000034,94788,12088,12.75266911423387
10000017,5870,2258,38.46678023850085
10000007,10328,619,5.993415956622774
5600026,216184,96363,44.57452910483662
4000035,144208,52434,36.359980028847225
82600010,115871,55478,47.87910693788782
75600024,144666,10877,7.518698242849045
5600021,283623,145437,51.27828138056505
5600005,385828,171804,44.528650072052834
27600303,108639,9854,9.070407496387118
20300004,126718,64998,51.29342319165391
75600011,169677,25384,14.960189065106055
75600005,202754,25314,12.4850804423094
82600059,55417,26960,48.64933143259289
5600022,249255,15171,6.086537882891015
20300001,205079,89062,43.428142325640366
82600166,82364,42992,52.19756204166869
27600010,98904,13041,13.185513224945403
37200006,229112,159353,69.5524459652921
27600322,68789,8127,11.8143889284624
27600007,62995,16632,26.402095404397173
27600003,96429,29743,30.844455506123676
5600001,460583,239382,51.97369420929561
38000003,56643,5164,9.116748759776142
27600005,143927,15362,10.673466410055097
27600008,117480,26225,22.32294858699353
27600332,72523,12228,16.86085793472416
38000008,128734,15879,12.334736743983719
27600329,152874,28406,18.581315331580257
38000015,41835,2841,6.790964503406238
70300006,311001,30428,9.783891370124213
38000014,67628,1966,2.907079907730526
38000005,178061,7675,4.310320620461527
27600345,124604,11770,9.44592468941607
38000022,54019,5137,9.509616986615821
38000035,111173,6887,6.194849468845852
38000006,176732,16471,9.319760994047483
38000004,321168,17581,5.474082100333781
38000021,358567,34524,9.628326086895894
38000017,381296,44477,11.664690948764214
37200007,329763,184983,56.09574148706798
38000016,254284,34068,13.397618410910637
38000023,235693,100904,42.81162359510041
38000024,383441,58291,15.202078025041663
38000033,117538,11444,9.736425666592933
38000029,75250,7939,10.550166112956811
38000027,77148,13054,16.92072380359828
20300014,407577,146323,35.900700971840905
38000038,185040,14084,7.611327280587981
52800031,182991,96187,52.56378729008531
27600387,13249,3097,23.375349082949658
38000030,197003,11258,5.7146337873027315
82600087,63454,26067,41.080152551454596
38000034,118712,9790,8.246849518161602
38000025,426812,113797,26.6620901005595
38000032,62989,5854,9.293686199177634
38000028,292683,52688,18.001728832901126
82600174,19466,4649,23.882667214630636
27600014,98287,43960,44.72615910547682
19100004,7627,823,10.790612298413532
52800030,702551,399156,56.81523476587464
19100003,4804,1384,28.80932556203164
38000040,180271,128582,71.32705759661843
27600248,83745,6407,7.650606006328736
27600249,80454,5694,7.077336117533001
52800010,98290,51928,52.831417234713605
82600096,40936,9622,23.50498338870432
27600040,76108,26541,34.87281231933569
27600043,66033,9130,13.8264201232717
27600185,108950,18217,16.720513997246446
27600122,64529,40272,62.409149374699744
38000041,213177,20126,9.440980968866247
38000053,76985,14406,18.71273624732091
38000042,144749,9558,6.603154425937312
38000054,84977,15955,18.77566871035692
52800032,474585,256343,54.014138668520914
38000052,180434,14088,7.80784109425053
38000039,370279,22592,6.101345201861299
72400035,60960,22387,36.724081364829395
27600053,102712,19580,19.063011137939093
82600175,110939,56945,51.33001018577777
72400010,52460,2698,5.142966069386199
38000055,168040,17727,10.549273982385147
72400040,22741,7408,32.5755243832725
38000056,142972,15036,10.516744537391936
38000057,64738,6214,9.598690104729835
20300003,304795,150380,49.33807969290835
72400041,20537,4075,19.842235964357013
38000084,234608,57116,24.34529086817159
38000031,135304,17995,13.299680718973569
64200035,66111,6695,10.12690777631559
72400037,30083,14639,48.662035036399296
72400039,67086,33080,49.309841099484245
19100012,17284,2501,14.470030085628327
72400036,242008,36341,15.016445737330997
38000047,249000,23717,9.524899598393574
27600123,85893,4668,5.434668715727708
27600017,81355,10690,13.139942228504703
27600018,80530,21865,27.15137215944369
19100001,22993,3136,13.638933588483452
19100013,16675,2365,14.182908545727136
30000005,56022,1247,2.225911249152119
19100017,23488,1148,4.887602179836512
34800006,79222,9263,11.692459165383355
27600057,96207,4093,4.254368185267184
38000059,12750,1960,15.372549019607842
25000084,304069,3262,1.0727828223199338
27600125,126113,40052,31.75881947142642
19100018,40459,7945,19.63716354828345
82600046,3031,803,26.49290663147476
25000081,293941,5391,1.8340415253401192
27600298,14685,2927,19.93190330268982
70500006,8769,1545,17.618884707492303
72400044,35941,11736,32.65351548370941
82600117,30717,5455,17.758895725494025
19100019,29798,1276,4.282166588361635
38000020,108953,31462,28.87667159233798
72400045,52704,23473,44.53741651487553
27600301,19853,2872,14.466327507177756
25000085,483861,11194,2.3134743242377462
25000011,435953,28491,6.5353375249166765
72400048,45734,18181,39.75379367647702
38000095,68039,5478,8.051264715824749
25000083,610329,13262,2.1729264052666677
72400046,92951,35414,38.099643898398085
72400047,66140,24738,37.402479588751135
27600308,19500,2380,12.205128205128204
72400050,70291,20970,29.833122305842853
38000011,517821,70137,13.54464187431564
30000036,13089,1257,9.603483841393537
27600312,43741,15232,34.82316362223086
82600102,97827,34795,35.56789025524651
72400049,187524,77893,41.53761651841897
19100021,30089,9578,31.832231047891256
52800027,319672,159083,49.76444605720864
82600170,74084,44783,60.44894984072135
82600111,159885,63176,39.51340025643431
82600098,113379,43019,37.942652519426
52800028,481812,260430,54.052202933924434
52800034,349298,184065,52.69569250324937
38000060,87885,8695,9.893610968879786
61600069,211821,22642,10.689214006165583
34800008,213148,50772,23.820068684669806
62000007,27470,12647,46.03931561703677
61600028,171179,42857,25.036365442022678
61600060,217493,33522,15.412909840776484
34800010,52765,7972,15.108499952620107
34800012,150570,19736,13.107524739323903
64200032,26202,1705,6.5071368597816965
70500009,24003,3737,15.568887222430531
82600045,42599,32728,76.82809455621023
82600066,60755,30082,49.51362027816641
61600052,263061,23779,9.039348288039657
82600086,10258,3272,31.89705595632677
82600068,31136,14767,47.42741521068859
62000008,169357,46920,27.70478929126047
82600060,182748,163188,89.29673648959222
82600076,40770,27391,67.1842040716213
82600071,106911,36052,33.72150667377538
30000030,8023,247,3.078648884457186
82600053,129817,42566,32.78923407566035
82600095,256012,17872,6.980922769245192
82600051,301226,275590,91.48944646212477
38000064,35554,7505,21.108736007200317
38000065,24295,2189,9.010084379501954
75200008,50582,7393,14.615871258550472
70300008,335939,38922,11.586031987950193
34800014,51147,12805,25.03568146714372
38000063,120547,10423,8.646420068520992
38000094,33370,4577,13.71591249625412
38000061,112911,12465,11.039668411403673
38000073,13624,1742,12.786259541984732
27600319,28783,17661,61.35913560087551
38000067,37163,4410,11.86664155208137
61600066,119312,30952,25.942067855706046
38000066,71277,7690,10.78889403313832
52800006,150141,78278,52.13632518765694
82600028,17364,8590,49.47016816401751
82600008,52994,32595,61.50696305242103
34800016,59608,12502,20.9736948060663
57800001,1646,357,21.688942891859053
82600041,19171,10081,52.584633039486725
70500005,66762,11201,16.777508163326445
38000075,45290,6138,13.55266063148598
38000074,202935,58001,28.58107275728682
38000044,131335,6149,4.68192028019949
75600010,8660,473,5.46189376443418
30000049,29643,3465,11.689100293492562
30000039,17509,393,2.244559940601976
38000036,143038,12376,8.652246256239602
38000068,51962,13381,25.75151071937185
38000037,145446,14511,9.976898642795264
30000021,19783,1450,7.32952535004802
38000078,18305,2842,15.525812619502869
42800003,55557,18655,33.57812696869881
82600061,7509,2505,33.359968038353976
64200013,81001,30522,37.681016283749585
19100020,87201,8163,9.361131179688305
82600110,24123,7165,29.7019442026282
38000076,103678,15362,14.817029649491694
34800004,88582,8867,10.009934298164412
38000071,518683,39352,7.586907610235924
34800005,52453,9997,19.058967075286446
27600320,91730,45237,49.315382099640246
27600206,131812,34675,26.306406093527144
38000081,24486,4223,17.246589888099322
27600167,162650,35245,21.669228404549646
10000018,26029,3216,12.355449690729571
34800015,91573,10585,11.559084009478775
38000077,83350,18691,22.424715056988603
10000028,32985,4793,14.53084735485827
75600008,21900,3393,15.493150684931505
10000022,49131,8782,17.874661618937125
27600279,80996,14611,18.03916242777421
27600260,71225,10287,14.442962442962443
10000019,48179,19358,40.17933124390294
10000021,13927,2993,21.49062971207008
10000025,21777,2214,10.16668962667034
27600316,49108,8179,16.655127474138634
64200021,43731,10175,23.26724749033866
75600007,36489,3216,8.813615062073502
27600273,100470,6564,6.533293520453867
64200020,100325,22194,22.122103164714677
52800033,204292,106409,52.08671901004445
75600009,112145,15071,13.438851486914263
27600309,71720,10054,14.01840490797546
27600307,86949,8015,9.218047361096735
27600023,74152,19370,26.12201963534362
75600023,188756,38568,20.432727966263325
30000022,2726,636,23.330887747615552
27600376,93144,11872,12.745855879068968
20300008,279797,132547,47.37255939127296
27600106,112501,8948,7.953707078159305
30000023,5378,387,7.195983637039792
20300009,282456,140206,49.63817373325403
75600019,426291,135209,31.717535673987957
20300010,347379,157206,45.25489451003083
70300005,360690,33840,9.382017799218165
27600009,53271,17322,32.51675395618629
38000048,87415,7210,8.248012354859007
61600025,331867,89390,26.93548921706587
27600035,79536,9333,11.734308992154496
27600193,119784,44098,36.81459961263608
5600011,209605,114149,54.459101643567664
20300006,444783,253656,57.02915803886389
72400042,21740,6468,29.751609935602573
38000058,95681,11189,11.694066742613476
52800014,129867,70712,54.449552234208845
38000082,364771,18954,5.19613675429242
38000049,123153,86203,69.9966708078569
72400043,319066,49031,15.36704004814051
61600026,337189,138382,41.03989157416167
27600158,45480,5512,12.119613016710643
61600029,329978,211103,63.97487105200953
20300007,795680,331251,41.63118339030766
20300013,525883,233882,44.47415109444496
27600031,146096,9753,6.675747453729055
72400052,3386,138,4.075605434140579
64200026,88058,23593,26.79256853437507
52800009,128335,69010,53.77332761912182
64200027,85513,23727,27.746658402815942
34800011,95117,9391,9.873103651292618
27600077,109618,8713,7.948512105676075
72400034,51383,42032,81.80137399529028
38000083,213737,45545,21.30889831896209
5600013,122644,74001,60.33805159649066
64200028,37523,7113,18.956373424299763
25000062,674018,37000,5.48946764033008
75600012,20656,2988,14.46553059643687
5600043,35395,17087,48.275180110185055
82600162,46367,25550,55.10384540729398
52800017,125480,70312,56.03442779725852
27600147,107196,41490,38.704802418000675
27600114,150358,74831,49.76855238829992
20800006,100751,33063,32.81654772657344
64200030,77957,27186,34.8730710519902
5600024,109626,26382,24.06545892397789
30000008,12669,217,1.712842371142158
61600030,320769,74428,23.202990313901907
27600276,71634,4077,5.691431443169445
61600033,224914,76762,34.12948949376206
5600008,47597,8264,17.362438809168644
20800011,41402,2390,5.772667987053765
82600173,82632,32153,38.91107561235357
38000045,83944,60297,71.83002954350519
27600395,37389,7997,21.38864371874081
61600032,361989,107993,29.833226976510336
61600034,227547,138365,60.80721784949923
27600358,22859,9787,42.81464630998732
5600006,202362,146382,72.3367035312954
25000015,103538,31930,30.83891904421565
5600003,25563,14719,57.5793138520518
27600379,65245,8231,12.61552609395356
82600070,69307,55384,79.91112008887991
27600100,31002,8012,25.84349396813109
27600324,12577,1805,14.351594179852112
61600035,165155,88910,53.83427689140504
5600012,62514,34183,54.68055155645135
27600117,192717,49744,25.81194186293892
27600119,192666,83209,43.188211723916
61600036,329140,97315,29.566445889287234
27600327,32091,8041,25.056869527281794
27600349,15125,4036,26.684297520661154
61600037,214620,108522,50.564719038300254
27600382,10891,1648,15.131760168946837
27600036,100703,38552,38.28287141395986
27600165,147409,16674,11.31138532925398
27600361,77557,44068,56.82014518354242
64200038,8525,2057,24.129032258064516
61600039,256201,31225,12.187696379014914
5600014,112199,67649,60.29376375903529
27600039,64453,24816,38.50247467146603
27600098,39502,9380,23.74563313249962
27600355,86571,28547,32.97524575204168
27600099,63475,26898,42.375738479716425
5600042,51638,18761,36.33177117626554
27600096,124271,15844,12.749555407134409
61600040,327060,129064,39.46187243930777
70500001,94037,58215,61.9064836181503
27600253,75668,8184,10.815668446370989
27600097,183657,37859,20.613970608253428
27600256,75521,11156,14.772050158234135
4000027,90870,11236,12.364916914273136
61600041,347306,130981,37.71342850397056
27600150,166600,41892,25.145258103241297
61600042,373301,105584,28.28387815730469
64200031,15178,1937,12.761892212412704
27600370,98580,12193,12.36863461148306
38000087,60981,5860,9.609550515734409
38000086,82411,8542,10.365121161010059
38000085,185959,6539,3.516366510897564
38000096,37348,2109,5.646888722287673
61600043,385383,145421,37.73415018306464
64200039,8718,368,4.221151640284469
30000043,4678,322,6.883283454467722
61600044,348529,47481,13.623256601315816
27600066,35406,16124,45.54030390329323
38000088,56597,6057,10.701980670353551
27600262,62018,7316,11.796575187848688
61600045,366240,101752,27.782874617737
38000097,31424,2500,7.955702647657841
30000051,15215,2549,16.75320407492606
38000098,130831,5309,4.057906765216195
27600083,151009,38609,25.56735029038004
38000090,92724,3256,3.511496484189638
27600161,252239,6740,2.6720689504795057
27600065,75173,10730,14.27374190201269
27600226,136905,58115,42.449143566706844
27600153,70244,7179,10.220089972097261
27600086,39329,11263,28.637900785679776
75600002,31330,11136,35.544206830513886
38000092,35899,3509,9.774645533301763
82600138,186580,51400,27.548504662879193
27600369,55402,20205,36.46980253420454
27600171,303179,200290,66.06328274715597
4000001,122396,14762,12.060851661819013
27600247,76705,16550,21.576168437520373
38000099,85292,9638,11.300004689771608
61600046,167447,24062,14.369920034398945
5600034,118211,16726,14.149275448139345
24600019,9480,2104,22.19409282700422
38000101,77800,2013,2.5874035989717226
38000100,175999,7047,4.004000022727402
38000104,176960,9671,5.46507685352622
38000089,447565,79676,17.802106956531453
38000105,49377,7700,15.594305040808473
5600040,67970,11475,16.8824481388848
5600041,36764,8359,22.736916548797737
38000102,50693,1246,2.457933047955339
10000008,2238,635,28.37354781054513
27600033,39791,7298,18.340830841144985
38000107,60608,5170,8.530227032734953
27600140,223430,173177,77.50839189007743
27600060,67076,18491,27.56723716381418
82600163,210546,59667,28.339175287110656
38000106,93825,11671,12.439115374367173
27600067,39311,2348,5.972882908091883
44000003,91578,8572,9.360326716023499
75200015,27930,8385,30.021482277121375
64200037,94302,27310,28.960149307543848
70500002,21008,4089,19.464013709063213
62000001,75929,11864,15.625123470610703
44000001,174491,7422,4.253514507911583
44000002,174435,14203,8.142287958265257
75600004,79676,17210,21.599979918670616
52800035,444713,237266,53.35261168438971
75600018,17515,1690,9.648872395089922
27600020,19140,7793,40.71577847439916
52800036,226278,110471,48.82091940003005
10000024,31717,18501,58.33149415140145
44000004,138531,5357,3.8670044971883546
10000015,33510,8755,26.126529394210685
44000006,87995,4044,4.595715665662822
27600200,77914,28839,37.013887106296686
44000005,143949,20899,14.518336355236924
27600176,277804,80062,28.819599429813824
27600381,53011,13546,25.55318707438079
27600396,103368,8288,8.01795526662023
27600021,119915,21593,18.006921569445023
19600001,170955,34736,20.31879734433038
75600026,167581,23374,13.947881919788044
75600022,118982,13847,11.63789480761796
75600006,310828,93326,30.024965575816854
70500007,61016,15090,24.731218041169527
27600002,132101,29114,22.03919728086843
70500003,118188,43546,36.84468812400582
27600109,283582,104425,36.82356426007292
27600012,161569,15892,9.836045280963551
27600076,32925,8983,27.283219438116934
27600016,149439,13519,9.046500578831496
27600026,145428,17260,11.86841598591743
5600019,42910,23996,55.92169657422512
20300011,311076,142981,45.96336586557626
38000091,80407,5522,6.867561281977936
27600001,32937,11457,34.78458876036069
20300012,283451,152726,53.880917689477194
52800037,574536,338353,58.89152289847808
27600091,112216,31250,27.848078705353963
27600029,124826,47322,37.91037123676157
27600011,19869,7039,35.42704715889074
52800038,111087,55228,49.71598836947618
44000009,119387,5746,4.812919329575247
44000007,282675,29585,10.466082957459982
27600025,21475,4297,20.009313154831197
61600047,444035,143810,32.387086603533504
44000010,135802,4365,3.214238376459846
44200001,190266,90277,47.44778362923486
5600035,109629,6019,5.490335586386814
52800039,172279,94415,54.80354541180294
27600178,55645,9590,17.23425285290682
5600027,51033,8343,16.348245253071543
5600028,49647,7789,15.68876266441074
25000022,308987,22462,7.269561502587488
5600031,68791,10434,15.167681818842581
5600002,196584,114676,58.334350710129
5600037,40435,5259,13.0060591072091
44000008,382218,36454,9.537489076914222
27600138,98615,56874,57.67276783450793
5600032,147337,18990,12.888819509016743
27600180,88124,11552,13.10880123462394
5600033,134993,21911,16.23121198876979
27600027,28364,15143,53.38809758849246
42800002,169138,27501,16.25950407359671
10000011,6861,852,12.418014866637517
42800001,95905,24828,25.888118450550024
10000009,7811,3322,42.529765715017284
27600004,51396,22878,44.51319168806911
27600205,61920,9245,14.930555555555555
27600064,493322,216291,43.84377749218563
27600216,80594,31542,39.13690845472368
10000012,6915,2171,31.395516992046275
42800004,95018,7204,7.581721358058473
10000010,14893,2281,15.315920230980998
42800005,127071,9704,7.636675559332971
10000013,26120,19431,74.39127105666155
64200042,21486,7121,33.1425114027739
27600032,24393,13030,53.416963883081216
10000023,12048,5544,46.015936254980076
10000016,9389,1481,15.773777825114497
27600041,49125,27881,56.75521628498728
24600001,117244,18978,16.186755825458018
42800006,77021,8098,10.51401565806728
75600015,41277,8662,20.98505220825157
75600017,12513,1204,9.621993127147768
47000001,1927,295,15.308770108977685
75600001,26656,6109,22.917917166866747
52800001,40176,20160,50.179211469534046
27600069,33294,10889,32.705592599267135
27600037,54076,14875,27.50758192173977
27600034,102610,24527,23.903128350063348
27600075,79227,31191,39.36915445492067
27600019,98699,56042,56.78071712985947
27600118,85645,35302,41.21898534648841
52800040,405488,225084,55.5094108826895
27600022,38212,15290,40.01360829058934
61600048,386594,64337,16.64200685990988
27600028,315469,183482,58.16165772231186
61600051,254831,32577,12.783766496226912
52800003,240247,136323,56.74285214799769
52800002,245864,135025,54.91857286955389
57800010,125911,120795,95.93681251042403
27600049,86262,16805,19.481347522663516
27600030,60763,16484,27.1283511347366
61600050,148227,42857,28.913086009971195
27600252,118476,28932,24.420135723690876
61600049,382644,48450,12.661899833788064
27600132,109993,11261,10.237924231542008
27600015,79277,16444,20.74245998208812
27600013,85560,69314,81.01215521271622
27600133,105309,28347,26.917927242685813
27600048,72162,25373,35.16116515617638
27600038,103886,12078,11.626205648499315
27600047,72529,29312,40.41417915592383
27600042,160872,112984,70.23223432293997
61600053,413538,27862,6.73747031711717
82600011,39521,25442,64.37590141949849
27600045,44636,9137,20.470024195716462
82600013,40405,8628,21.353792847419875
27600051,90756,15386,16.953149103089604
61600058,185888,41409,22.276316922017557
27600052,82836,13418,16.198271283017046
61600062,125740,23509,18.696516621600125
61600057,245098,70395,28.721164595386334
27600056,103345,16829,16.284290483332526
61600055,319462,76792,24.037913742479546
61600059,259201,29069,11.214848708145416
62000004,10259,2102,20.48932644507262
27600044,26194,7519,28.70504695731847
30000050,5365,547,10.195712954333644
27600079,69208,33235,48.021904982082994
61600061,364528,79223,21.733035596716853
27600055,122477,45868,37.450296790417795
27600059,123575,33868,27.40683795266033
57800012,234544,215797,92.00704345453306
27600062,70747,14086,19.910384892645624
27600054,178603,36072,20.196749214738833
61600064,241189,38445,15.939781665001307
27600275,16086,4465,27.75705582494094
27600263,65576,6623,10.099731609125289
27600063,121293,32813,27.052674103204637
57800007,577861,449865,77.85003660049735
27600400,74132,23215,31.315761074839475
27600384,97053,20902,21.536686140562374
27600390,66940,19096,28.527039139527936
27600080,43186,8678,20.09447506136248
30000013,2675,1009,37.7196261682243
27600385,112264,32823,29.23733342834747
27600085,47653,16034,33.64740939709987
20800005,192595,24118,12.522651159168202
27600068,290600,99207,34.13867859600826
82600074,82147,43311,52.723775670444454
61600002,99438,25685,25.830165530280176
27600072,175417,17216,9.814328143794501
20800004,327933,32766,9.991675128761058
61600027,179927,163732,90.9991274238997
57800009,815347,702747,86.18992895049593
82600075,86830,11503,13.24772544051595
57800013,217907,181484,83.28507115420798
27600073,111585,43225,38.737285477438725
61600004,117102,29401,25.107171525678467
61600056,138388,13614,9.837558169783508
20800001,479461,24915,5.1964601917569935
27600074,71415,9360,13.106490233144296
20800002,350755,29367,8.37251072686063
61600003,114725,54487,47.49357158422314
27600084,55271,19815,35.85062691103833
61600001,254275,86165,33.88654016320912
24600007,85563,4652,5.436929513925412
27600102,31332,8284,26.43942295416826
24600009,50741,9566,18.852604402751226
27600295,18478,3378,18.28119926398961
27600082,181257,10500,5.79287972326586
27600087,114402,17933,15.675425254803239
20800008,501324,36984,7.377265002273979
20800003,526348,36044,6.847940906016552
82600099,69969,5023,7.178893509982992
27600116,60628,31239,51.52569769743353
27600094,115085,54258,47.14602250510492
27600089,66742,10574,15.843097300050943
24600008,81911,30065,36.70447192684743
27600088,135467,33382,24.64216377420331
20800009,366426,40161,10.96019387270554
27600092,265043,27916,10.532630554287417
82600101,83989,21910,26.086749455285812
27600124,227868,102174,44.83911738374849
61600005,163091,51150,31.36285877209656
27600130,148735,69410,46.66689077890208
61600006,210588,72885,34.610234201379
24600002,106670,26038,24.409862191806507
27600101,126643,8577,6.772581192801813
27600095,232831,39235,16.851278395059076
24600010,321214,5791,1.8028479456063558
27600103,80792,6825,8.447618576096644
27600104,95459,7553,7.912297426120114
27600093,198428,44602,22.477674521740884
24600012,176734,48021,27.171342243145062
70500008,142661,30249,21.203412285067397
27600144,39320,20232,51.454730417090545
27600107,72072,15006,20.820845820845822
27600250,24862,17425,70.08687957525541
24600013,129325,6580,5.087956698240866
82600149,45683,20730,45.37793052120045
27600134,108535,19311,17.792417192610678
27600111,74082,46703,63.04230447342134
27600168,16201,1774,10.949941361644342
27600110,103594,11290,10.89831457420314
27600212,87471,13230,15.125012861405496
24600016,99194,9631,9.709256608262598
82600109,15999,8324,52.028251765735355
82600150,31328,8043,25.673518896833503
27600131,50615,35537,70.21041193322137
27600170,20559,8697,42.30264117904567
27600112,82572,9510,11.517221334108415
61600010,113430,29529,26.032795556731024
27600115,91262,10400,11.395761653262037
27600108,257718,43142,16.740002638542904
27600135,55452,6179,11.14297049700642
27600169,56926,16113,28.30516811298879
27600126,53248,12032,22.596153846153847
27600128,41003,18815,45.886886325390826
27600127,124836,81985,65.67416450382902
61600009,208944,87487,41.87102764377058
27600113,278056,106514,38.306672037287456
27600129,130277,69109,53.04773674554987
27600137,54387,18857,34.6718885027672
27600179,25591,7991,31.225821577898483
24600017,385742,130267,33.770499453002266
38000050,78408,5393,6.8781246811549845
27600210,25252,11316,44.81229209567559
27600236,13031,2262,17.358606400122785
61600054,314921,38644,12.271014000336592
27600136,127437,62905,49.36164536202202
57800011,301362,251146,83.33698342856763
25000006,234056,12471,5.328212051816659
27600215,13463,2193,16.289088613236277
27600141,54149,8606,15.893183622966259
27600145,172156,73759,42.844280768605216
61600011,214528,44858,20.91009099045346
25000005,513288,5808,1.1315284986206575
27600139,178203,17082,9.585697210484671
82600168,97855,37189,38.00418987277094
27600146,139630,41937,30.034376566640407
38000062,24951,4197,16.820969099434894
27600143,167068,28837,17.26063638757871
61600012,102889,42253,41.066586321181084
27600244,19596,5754,29.36313533374158
27600148,197542,40685,20.59562017191281
25000003,674184,8156,1.209758760219762
27600242,16316,2093,12.82789899485168
25000007,622243,13495,2.168766864392207
27600154,84183,18923,22.478410130311346
27600271,60716,2844,4.6841030370907175
25000010,550174,17028,3.0950208479499213
27600232,35877,4698,13.094740362906599
25000008,593507,14167,2.3869979629557863
19100014,35766,4706,13.157747581501985
82600136,27227,11448,42.046497961582254
19100015,55709,13512,24.25460877057567
19100011,137674,30591,22.219881749640454
27600155,260711,48252,18.50784968796867
61600022,159746,66589,41.68429882438371
19100016,62606,5914,9.44637894131553
27600241,42747,19723,46.138910332888855
27600156,66802,12111,18.129696715667194
27600070,19286,13336,69.1486052058488
25000009,600780,41735,6.946802490096209
27600157,65957,5820,8.823930742756644
25000017,545975,28747,5.265259398324099
61600013,179680,113812,63.341495992876226
25000020,173127,4928,2.8464653115920684
25000025,550128,23860,4.33717243986854
27600159,101574,10758,10.591293047433398
25000018,413781,28208,6.817132734465817
27600251,31052,13346,42.97951822748937
27600160,88250,42839,48.54277620396601
27600255,31039,14688,47.32111214923162
27600268,58995,15737,26.67514196118315
52800022,508523,252041,49.5633432509444
27600164,140769,39908,28.3499918305877
27600183,175546,28555,16.266391714992082
27600163,67648,9752,14.415799432355724
62000002,30849,10682,34.62673020195144
27600173,45302,4415,9.745706591320472
27600166,97395,26752,27.467529133939113
27600174,59036,4294,7.273528016803306
25000002,1656559,78972,4.767231351252808
27600177,22372,11584,51.77900947613088
27600280,38041,13893,36.52112194737257
25000021,369601,4408,1.1926374658077226
27600278,65233,11035,16.91628470252786
27600175,149897,28434,18.969025397439577
25000012,723077,19152,2.648680569289301
27600181,73757,9601,13.017069566278455
25000027,389808,8446,2.1667077125148793
25000024,768874,35663,4.6383412626776295
25000023,460051,14512,3.1544328780939503
25000019,769694,27473,3.5693405431249303
38000069,42677,7655,17.937062117768356
23300004,306785,12365,4.030509966263018
25000014,815774,33733,4.135091336571159
23300003,136003,4392,3.229340529253031
30000001,5682,561,9.873284054910243
27600188,116044,26040,22.439764227362037
30000002,2373,90,3.792667509481669
25000029,368291,5602,1.5210797983116613
23300005,163894,3964,2.4186364357450545
27600189,65813,15596,23.697445793384286
30000003,3912,155,3.962167689161554
27600187,249244,54780,21.978462871724094
27600286,33122,9942,30.01630336332347
30000018,13909,1236,8.886332590409088
27600296,14739,4281,29.045389782210464
27600190,67857,4850,7.147383468175722
27600191,97536,49955,51.216986548556434
27600192,72991,14480,19.838062226849885
61600067,220491,33420,15.157081241411213
27600186,327480,140341,42.85483082936363
25000026,786274,41014,5.216247771133218
27600195,63444,8029,12.655255028056239
27600198,14885,2043,13.725226738327176
82600015,62357,13813,22.151482592170886
27600293,93001,9953,10.70203546198428
30000019,17878,5567,31.138829846739007
27600196,82939,7839,9.4515246144757
27600197,87476,12009,13.728336915268189
27600380,56480,20098,35.5842776203966
27600304,147896,15244,10.307242927462541
27600199,60650,4528,7.4657873042044525
27600274,66520,14202,21.349969933854478
25000028,788458,32199,4.083793937026449
30000028,11843,597,5.040952461369585
27600201,174782,47478,27.16412445217471
27600202,111928,20328,18.161675362733185
30000026,2569,670,26.08018684312962
27600204,120570,18230,15.119847391556773
27600209,27489,5244,19.07672159773
27600207,76489,10023,13.103844997319877
27600203,92717,18643,20.107423665562948
20800010,610033,19036,3.120486924477856
27600208,43083,4975,11.547478123621847
27600317,98456,18173,18.45799138701552
82600123,121760,94135,77.31192509855454
62000005,41582,19154,46.063200423260064
27600211,59486,6011,10.1048986316108
62000009,30181,6773,22.441270998310195
27600214,50407,5680,11.268276231475786
27600397,85064,25810,30.341860246402707
24600015,144323,27234,18.87017315327425
61600073,161047,20513,12.737275453749527
27600213,192481,54680,28.407998711561138
27600219,56720,11553,20.368476727785616
61600071,259756,51563,19.85055205654537
61600072,271953,30829,11.336149996506748
27600220,57665,4507,7.815832827538369
61600070,257487,79793,30.989137315670305
27600328,60282,4335,7.1912013536379025
62000010,44498,19673,44.21097577419209
62000012,64383,20095,31.21165525060963
27600221,13588,4694,34.5451869296438
27600229,65165,17697,27.157216297091995
61600014,230178,43742,19.00355377142907
27600230,56396,4275,7.580324845733739
27600223,66860,9193,13.74962608435537
27600254,34210,7649,22.35895936860567
61600015,308448,35624,11.549434588650275
27600228,39686,4471,11.265937610240387
27600233,54452,16141,29.642621024021153
27600225,74010,15491,20.930955276314013
27600222,231360,49006,21.1817081604426
25000031,280301,5559,1.9832251757931654
64200022,56902,4377,7.692172507117501
27600235,56942,7604,13.353939095922165
62000013,43028,15361,35.70000929627219
25000034,197329,17334,8.784314520420212
25000033,367506,7657,2.083503398583969
30000048,20499,2389,11.654227035465144
82600019,45620,20018,43.87987724682157
62000014,22479,8400,37.368210329641
27600237,145260,25047,17.242874845105327
82600018,80055,62409,77.95765411279744
27600238,77512,12397,15.993652595727111
25000016,224161,27670,12.343806460535061
27600240,77419,7631,9.856753510120255
82600165,58149,38959,66.99857263237546
27600246,50499,7404,14.661676468840968
72400006,82922,41867,50.48961674826946
27600239,69756,8959,12.843339641034463
27600348,93759,19308,20.593223050587145
27600245,88587,28210,31.844401548759976
25000032,557365,26461,4.747517336036529
27600243,62646,9699,15.48223350253807
27600287,56204,14306,25.453704362678813
25000035,544413,28115,5.164277855231231
27600257,68743,12888,18.748090714690953
27600258,67145,5019,7.47486782336734
27600259,50566,6910,13.665308705454256
72400001,233185,145831,62.53875678109655
27600261,93372,15931,17.061860086535578
27600267,44270,4427,10
27600265,48499,10964,22.606651683539866
72400002,139342,36456,26.162965939917616
72400003,38605,11101,28.755342572205674
72400004,83373,29784,35.723795473354684
72400022,26962,11413,42.32994584971441
27600281,36565,12693,34.7135238616163
72400008,60437,16776,27.757830468090738
72400009,40673,15465,38.02276694613134
72400005,73405,35904,48.91219944145494
27600272,83102,8903,10.713340232485379
27600288,101693,37103,36.485303806555024
82600020,60975,22374,36.693726937269375
27600289,60602,9376,15.471436586251277
27600269,109316,32836,30.037688901899077
72400007,62348,16505,26.47238083017899
27600282,78440,9618,12.261601223865375
62000015,10726,2296,21.405929517061345
27600386,14581,2666,18.28406830807215
72400011,26534,4006,15.097610612798674
62000016,18965,9259,48.82151331399947
27600284,79410,21143,26.625110187633798
27600292,111904,4876,4.357306262510723
27600391,86145,17076,19.82239247779906
27600299,127031,16113,12.684305405767097
27600291,84959,12227,14.391647735966762
27600398,84414,16017,18.97434074916483
27600383,150445,17708,11.77041443716973
27600300,86399,4138,4.789407284806537
72400012,69144,21936,31.72509545296772
27600297,13891,1674,12.050968252825571
27600305,15330,4850,31.637312459230266
23300002,195103,21659,11.101315715288848
27600302,63028,12909,20.48137335787269
30000007,28849,499,1.7296960033276718
62000017,52127,34231,65.66846356015117
30000015,11101,627,5.648139807224575
62000018,64116,16803,26.20718697361033
27600342,65808,20456,31.084366642353512
27600306,73838,9927,13.444296974457595
27600310,60450,12963,21.444168734491313
62000019,72664,3818,5.254321259495761
27600314,54873,5941,10.826818289504857
82600035,31313,21846,69.76655063392201
27600294,234261,63381,27.055719902160412
27600311,188717,56553,29.96709358457373
25000030,735196,26866,3.6542636249381117
27600350,92042,45586,49.52738966993329
25000036,402741,5122,1.271785092652598
52800008,274376,153284,55.866402309239874
27600151,143729,7476,5.201455516979872
30000045,15905,1898,11.933354291103427
27600315,225042,59597,26.482612134623757
62000021,98025,4631,4.724305024228513
27600318,63957,4188,6.548149537970824
62000022,53031,5366,10.118609869698854
27600353,67245,30927,45.99152353334821
27600313,133633,16525,12.365957510495162
72400013,114349,33063,28.914113809478003
27600343,168987,53485,31.650363637439565
72400014,22878,4350,19.013899816417517
27600061,130499,19683,15.08287419826972
27600323,98628,29638,30.05028997850509
25000038,389286,8451,2.1708974892495494
27600362,59438,27756,46.697398970355664
27600326,154519,77655,50.2559555782784
27600325,80484,7913,9.831767804781075
62000023,96570,2601,2.6933830382106243
27600331,68816,13762,19.99825621948384
82600037,43554,16357,37.55567800890848
38000046,146551,14877,10.151414865814631
62000020,390770,68736,17.589886634081427
38000026,89905,10589,11.77798787609143
27600339,63779,8029,12.58878314178648
27600330,68154,4881,7.161721982568888
27600336,18378,6029,32.805528349113075
27600337,70798,16449,23.233707166869124
27600335,35556,4628,13.016087298908763
27600334,110602,31675,28.638722627077268
62000024,60241,13235,21.97008681794791
27600340,58151,5170,8.89064676445805
24600018,171578,34213,19.940202123815407
27600338,124728,66511,53.32483484061318
27600341,120875,27711,22.9253360910031
27600346,63022,13306,21.113262035479675
25000067,336406,11125,3.307015927183225
27600363,74596,27317,36.61992600139418
72400033,42569,15057,35.370809744180036
25000040,585218,15287,2.612188962062001
27600347,63073,21729,34.450557290758326
72400038,153192,30624,19.990600031333226
27600364,62267,17573,28.22201165946649
25000037,1073839,64752,6.029954211013011
27600351,59848,8613,14.39145836118166
38000079,26356,4772,18.105934132645316
25000061,515975,32366,6.272784534134406
64200024,5059,1862,36.80569282466891
64200001,8185,4627,56.530238240684184
62000025,114341,9149,8.00150427230827
27600352,87284,8993,10.303148343338986
27600354,220370,41284,18.733947452012526
34800002,77217,10025,12.982892368260876
25000039,746901,23926,3.2033696567550454
27600360,69281,10703,15.448680013279253
27600356,117932,33601,28.491842756842928
34800001,117395,18921,16.117381489841986
27600359,144853,67215,46.40221465899913
38000013,160543,21533,13.412605968494423
25000004,913862,77752,8.508067957744167
27600367,67461,14075,20.863906553416047
34800018,36945,10983,29.727974015428337
34800017,115371,14845,12.867184994496018
27600357,109582,22213,20.270664890219198
64200017,10192,1399,13.726452119309263
64200002,56833,2091,3.679200464518854
27600368,60533,21543,35.588852361521816
27600366,70199,21417,30.508981609424634
27600373,53601,27144,50.64084625286842
25000098,131143,2676,2.040520653027611
25000001,1189516,40150,3.3753224000349724
38000070,60071,4610,7.6742521349736155
27600378,59549,18841,31.639490167761004
27600372,144401,11026,7.635681193343537
37200005,470014,408402,86.89145429710604
27600375,87188,5782,6.631646556865624
61600018,68059,27530,40.45019762265093
37200002,258037,174956,67.8026794606975
27600377,82868,20498,24.73572428440411
27600374,109605,63741,58.15519364992473
38000093,143415,7322,5.10546316633546
37200001,382484,182325,47.668660649857244
61600007,137588,51878,37.70532313864582
27600394,50516,10231,20.252989151951855
27600392,46033,7934,17.235461516737992
27600389,103414,44099,42.64316243448663
64200023,25503,5032,19.731012037799474
64200003,49007,8431,17.203664782582077
61600008,145663,72101,49.49849996224161
57800006,163839,143546,87.61406014441006
62000006,32820,22560,68.73857404021938
27600388,137467,25507,18.55499865422247
27600393,14654,2942,20.076429643783268
62000011,27248,11881,43.60320023487962
52800024,757496,423263,55.87659868830991
64200034,9371,1518,16.19891153558852
64200025,78655,4540,5.772042463924735
82600063,65654,31380,47.79602156761203
82600067,62286,42416,68.09877018912758
82600065,145677,110242,75.67563857026161
82600072,43804,12386,28.275956533649893
82600073,138934,30665,22.07163113420761
70500012,47375,5434,11.470184696569921
72400051,2224,61,2.7428057553956835
75200001,97807,13649,13.955033893279623
24600003,62459,6144,9.836852975551961
75200006,133313,22700,17.027596708498045
82600009,72801,33853,46.50073488001538
75200009,143724,30991,21.562856586234727
57800008,349726,301558,86.22693194100525
24600004,47082,2854,6.061764580943885
38000001,152393,10197,6.691252222871129
75200011,103318,9931,9.612071468669544
37200008,226650,153260,67.61967791749393
57800005,360798,304628,84.43173188321444
27600120,50035,22209,44.38692914959528
24600006,77178,15750,20.407369975899865
70300001,349640,57277,16.381706898524197
38000007,87206,9380,10.756140632525286
82600001,12794,2322,18.149132405815227
38000002,162229,21962,13.537653563789458
24600014,113564,7339,6.462435278785531
82600002,26661,6773,25.404148381531076
24600005,68744,16242,23.62678924706156
70300002,356536,35545,9.969540242780532
24600011,188207,9507,5.051353031502548
82600029,13492,3193,23.66587607471094
70500004,63792,12820,20.09656383245548
82600026,36132,11138,30.82586073286837
82600030,24977,7085,28.366096809064338
82600032,19763,16476,83.3679097303041
82600033,31685,24127,76.14644153384883
19100005,3427,1289,37.613072658301725
25000013,365687,10216,2.7936459321769713
82600038,81290,55091,67.77094353549022
82600027,138979,15412,11.089445167975018
82600090,93297,48253,51.71977662732993
52800013,258400,165055,63.875773993808046
82600040,69481,24159,34.77065672629928
70300003,300290,43439,14.465683172932831
82600103,58994,25824,43.77394311285894
82600113,42231,21057,49.861476166796905
57800002,65,3,4.615384615384616
82600106,37754,8941,23.682258833501084
75200014,492778,108041,21.92488301019932
82600105,131660,37829,28.73234087801914
82600022,48967,24288,49.600751526538275
82600077,111003,74415,67.03872868300856
82600005,90268,14605,16.179598528825277
82600004,58302,6597,11.315220747144181
82600104,188375,26452,14.042203052422032
82600044,174779,41359,23.663598029511554
82600021,66559,14421,21.66649138358449
82600007,57184,12434,21.743844432008956
70300007,209941,47441,22.597301146512592
82600006,204510,127514,62.3509852818933
4000032,35306,5358,15.175890783436245
4000017,87139,9530,10.936549650558304
4000030,74940,8432,11.25166800106752
4000020,112229,16949,15.10215719644655
4000015,145394,53066,36.49806732052217
61600063,155044,46393,29.92247362039163
4000012,147277,25068,17.02098766270361
4000019,147937,30013,20.287690030215565
4000023,101878,20524,20.145664422151984
27600058,70396,8215,11.669697141883063
4000033,105475,14734,13.96918701114008
19100006,121364,33852,27.892950133482746
38000043,110478,72267,65.41302340737522
5600023,158412,59039,37.269272529858846
25000043,506151,24544,4.8491458082667025
27600194,150294,25631,17.05390767429172
64200029,8205,1502,18.305911029859843
64200036,6011,904,15.039094992513725
27600333,121293,47717,39.34027520137188
4000024,210000,48989,23.32809523809524
61600068,139985,40611,29.010965460585066
64200033,85465,13181,15.42268764991517
64200041,9059,1844,20.355447621150237
38000103,251317,3881,1.5442648129652987
64200040,64343,23547,36.59605551497444
75200004,110408,17242,15.616621983914209
75200003,61450,9213,14.992676973148903
75200002,102735,16424,15.986762057721322
75200012,71597,18996,26.531837926170095
75200005,98481,30293,30.760248169697707
75200016,77623,23478,30.246189917936693
75200018,65355,14859,22.735827404177186
75200007,106131,22244,20.959003495679866
75200017,87990,7721,8.77486077963405
75200019,59719,12985,21.743498719000655
75200013,133146,55100,41.38314331635948
61600065,451367,63263,14.01586735406
82600119,7758,5646,72.77648878576953
82600135,18423,5776,31.352114205069746
82600178,37521,4663,12.427707150662295
82600082,89877,65688,73.08655162054808
82600031,60510,48203,79.66121302264088
82600064,50370,33808,67.11931705380186
82600093,64366,5077,7.887704688810864
82600144,30170,16221,53.7653297978124
82600058,84325,59815,70.93388674770235
82600042,5222,2225,42.608196093450786
82600088,55921,5118,9.152196849126447
82600133,49229,21056,42.77153710211461
82600146,42576,27892,65.51108605787299
82600012,49361,28483,57.70345009217803
82600142,28392,9808,34.544942237249934
82600151,63291,39233,61.98827637420802
75200010,389449,186922,47.996528428626085
82600131,60711,14538,23.946237090477837
82600167,78019,63093,80.86876273728194
82600137,25854,18802,72.72375647868802
82600129,33820,12062,35.66528681253696
82600057,69803,64504,92.4086357319886
82600152,75904,57366,75.57704468802699
82600083,44348,21177,47.751871561288
82600158,33549,6934,20.668276252645384
82600089,69315,12062,17.401716800115416
82600143,16732,11276,67.39182404972507
82600140,62174,43240,69.5467558786631
82600014,72637,19835,27.30701983837438
82600062,44249,21676,48.98641777215304
82600100,118805,23944,20.154033921131266
82600017,67074,50548,75.36154098458418
75200021,399550,56927,14.24777875109498
82600176,50281,36441,72.47469222966926
82600003,23851,8575,35.952370969770655
82600091,11430,3640,31.84601924759405
30000025,765,85,11.11111111111111
30000024,7313,93,1.2717079174073567
82600016,158048,105211,66.5690170074914
30000004,1088,85,7.8125
30000032,9146,557,6.090094030177127
30000031,4015,325,8.094645080946451
30000035,3575,1634,45.70629370629371
30000014,5612,2025,36.08339272986458
30000006,13690,1432,10.460189919649379
30000029,1964,72,3.6659877800407332
30000016,21106,992,4.700085283805553
30000012,15084,1627,10.786263590559534
30000038,67006,2414,3.6026624481389726
30000033,99715,5595,5.610991325277039
30000020,5951,501,8.41875315073097
30000037,111739,8807,7.881760173260903
30000041,9190,1056,11.49075081610446
30000027,8123,2094,25.778653206943247
30000046,14011,2258,16.11590892869888
30000052,13786,1729,12.541708980124763
30000044,32836,17505,53.31039103423072
30000040,53172,5480,10.306176182953434
30000034,37829,3694,9.764995109572022
30000047,37097,2308,6.221527347224843
30000042,13299,6415,48.236709527032104
30000009,178362,8236,4.617575492537648
